{"anchors": [3.78, 3.78, 1.78, 1.78, 4.97, 4.97, 0.97, 0.97, 2.72, 2.72], "inputs": {"input0": [224, 224, 3]}, "outputs": {"output0": [7, 7, 60]}, "loss": [[1, 4.73589], [2, 3.33831], [3, 3.20258], [4, 3.12871], [5, 3.1295], [6, 3.06185], [7, 3.11161], [8, 3.05377], [9, 3.03686], [10, 3.01356], [11, 3.04032], [12, 3.00803], [13, 3.01627], [14, 3.01342], [15, 3.00718], [16, 3.01232], [17, 2.99385], [18, 2.98119], [19, 2.98754], [20, 2.98244], [21, 2.98519], [22, 2.97607], [23, 2.99113], [24, 2.95629], [25, 2.96665], [26, 2.96806], [27, 2.98768], [28, 2.96068], [29, 2.95991], [30, 2.95832], [31, 2.98518], [32, 2.95269], [33, 2.94078], [34, 2.96076], [35, 2.97035], [36, 2.97749], [37, 2.95697], [38, 2.94333], [39, 2.95081], [40, 2.96529]], "loss_conf": [[1, 1.51125], [2, 0.81168], [3, 0.73629], [4, 0.6954], [5, 0.69583], [6, 0.66195], [7, 0.67522], [8, 0.65047], [9, 0.63825], [10, 0.6247], [11, 0.63454], [12, 0.61771], [13, 0.62536], [14, 0.62478], [15, 0.61759], [16, 0.62098], [17, 0.61303], [18, 0.60594], [19, 0.61204], [20, 0.60436], [21, 0.60377], [22, 0.6037], [23, 0.60656], [24, 0.58853], [25, 0.59452], [26, 0.59433], [27, 0.60621], [28, 0.5928], [29, 0.59463], [30, 0.59243], [31, 0.60339], [32, 0.58502], [33, 0.57179], [34, 0.58769], [35, 0.59632], [36, 0.59174], [37, 0.59153], [38, 0.57999], [39, 0.57879], [40, 0.59138]], "loss_pos": [[1, 2.26922], [2, 2.005], [3, 1.97365], [4, 1.95754], [5, 1.95389], [6, 1.94057], [7, 1.94837], [8, 1.93789], [9, 1.93619], [10, 1.92958], [11, 1.93741], [12, 1.93164], [13, 1.92883], [14, 1.92684], [15, 1.92663], [16, 1.92773], [17, 1.92248], [18, 1.92128], [19, 1.91972], [20, 1.92135], [21, 1.92318], [22, 1.91607], [23, 1.92207], [24, 1.91787], [25, 1.92015], [26, 1.92049], [27, 1.92008], [28, 1.9175], [29, 1.91551], [30, 1.91615], [31, 1.92013], [32, 1.91693], [33, 1.91945], [34, 1.91751], [35, 1.91748], [36, 1.92255], [37, 1.91349], [38, 1.91586], [39, 1.91746], [40, 1.9162]], "loss_class": [[1, 0.95542], [2, 0.52163], [3, 0.49264], [4, 0.47577], [5, 0.47977], [6, 0.45933], [7, 0.48802], [8, 0.46541], [9, 0.46242], [10, 0.45928], [11, 0.46838], [12, 0.45868], [13, 0.46207], [14, 0.4618], [15, 0.46297], [16, 0.46361], [17, 0.45834], [18, 0.45398], [19, 0.45578], [20, 0.45672], [21, 0.45825], [22, 0.4563], [23, 0.4625], [24, 0.44989], [25, 0.45197], [26, 0.45324], [27, 0.46139], [28, 0.45038], [29, 0.44976], [30, 0.44973], [31, 0.46166], [32, 0.45073], [33, 0.44954], [34, 0.45556], [35, 0.45655], [36, 0.46321], [37, 0.45194], [38, 0.44748], [39, 0.45456], [40, 0.45771]], "lr": [[1, 0.001], [2, 0.00094], [3, 0.00089], [4, 0.00084], [5, 0.00079], [6, 0.00075], [7, 0.00071], [8, 0.00067], [9, 0.00063], [10, 0.0006], [11, 0.00056], [12, 0.00053], [13, 0.0005], [14, 0.00047], [15, 0.00045], [16, 0.00042], [17, 0.0004], [18, 0.00038], [19, 0.00035], [20, 0.00033], [21, 0.00032], [22, 0.0003], [23, 0.00028], [24, 0.00027], [25, 0.00025], [26, 0.00024], [27, 0.00022], [28, 0.00021], [29, 0.0002], [30, 0.00019], [31, 0.00018], [32, 0.00017], [33, 0.00016], [34, 0.00015], [35, 0.00014], [36, 0.00013], [37, 0.00013], [38, 0.00012], [39, 0.00011], [40, 0.00011]], "val_acc": [[10, 0.97403], [20, 0.98701], [30, 1.0], [40, 1.0]], "val_acc_circle": [[10, 0.90909], [20, 1.0], [30, 1.0], [40, 1.0]], "val_acc_circle_blue": [[10, 1.0], [20, 1.0], [30, 1.0], [40, 1.0]], "val_acc_rectangle": [[10, 1.0], [20, 1.0], [30, 1.0], [40, 1.0]], "val_acc_rectangle_blue": [[10, 1.0], [20, 0.90909], [30, 1.0], [40, 1.0]], "val_acc_start": [[10, 1.0], [20, 1.0], [30, 1.0], [40, 1.0]], "val_acc_triangle": [[10, 0.90909], [20, 1.0], [30, 1.0], [40, 1.0]], "val_acc_triangle_blue": [[10, 1.0], [20, 1.0], [30, 1.0], [40, 1.0]], "mean": 127.5, "std": 128, "label_type": "detection", "data_type": "image", "labels": ["circle", "circle_blue", "rectangle", "rectangle_blue", "start", "triangle", "triangle_blue"], "best_eval": {"epoch": 39, "val_acc": 1.0, "val_info": [{"name": "3_0_892.jpg", "nickname": "3_0_892.jpg", "pred": [[14, 0, 97, 84, 0.9345276951789856, 1.0]], "gt": [[14, 2, 96, 84, 1.0, 1.0]], "ok": true}, {"name": "7_0_1945.jpg", "nickname": "7_0_1945.jpg", "pred": [[87, 67, 182, 162, 0.9679452776908875, 5.0]], "gt": [[87, 66, 183, 162, 1.0, 5.0]], "ok": true}, {"name": "2_0_1125.jpg", "nickname": "2_0_1125.jpg", "pred": [[53, 151, 115, 214, 0.9361444115638733, 4.0]], "gt": [[53, 152, 115, 214, 1.0, 4.0]], "ok": true}, {"name": "4_0_1748.jpg", "nickname": "4_0_1748.jpg", "pred": [[158, 194, 183, 219, 0.8831980228424072, 6.0]], "gt": [[157, 193, 185, 221, 1.0, 6.0]], "ok": true}, {"name": "1_0_1877.jpg", "nickname": "1_0_1877.jpg", "pred": [[106, 99, 127, 121, 0.8798509240150452, 2.0]], "gt": [[104, 99, 127, 122, 1.0, 2.0]], "ok": true}, {"name": "5_0_1181.jpg", "nickname": "5_0_1181.jpg", "pred": [[28, 8, 170, 150, 0.9411872029304504, 3.0]], "gt": [[29, 7, 170, 148, 1.0, 3.0]], "ok": true}, {"name": "6_0_1040.jpg", "nickname": "6_0_1040.jpg", "pred": [[153, 6, 218, 72, 0.9361934661865234, 0.0]], "gt": [[152, 6, 219, 73, 1.0, 0.0]], "ok": true}]}}